<?xml version="1.0" encoding="UTF-8"?>
<project-private xmlns="http://www.netbeans.org/ns/project-private/1">
    <editor-bookmarks xmlns="http://www.netbeans.org/ns/editor-bookmarks/2" lastBookmarkId="0"/>
    <open-files xmlns="http://www.netbeans.org/ns/projectui-open-files/2">
        <group>
            <file>file:/Users/calebweaver/NetBeansProjects/SpaceInvaders/src/spaceinvaders/Alien.java</file>
            <file>file:/Users/calebweaver/NetBeansProjects/SpaceInvaders/src/spaceinvaders/Board.java</file>
            <file>file:/Users/calebweaver/NetBeansProjects/SpaceInvaders/src/spaceinvaders/Player.java</file>
            <file>file:/Users/calebweaver/NetBeansProjects/SpaceInvaders/src/spaceinvaders/SpaceInvaders.java</file>
            <file>file:/Users/calebweaver/NetBeansProjects/SpaceInvaders/src/spaceinvaders/Missile.java</file>
        </group>
    </open-files>
</project-private>
